{
	"os_settings": {
		"disksCommand": "",
		"disksRegex": "",
		"interfacesCommand": "/usr/sbin/ifconfig -a",
		"interfacesRegex": "(\\w+\\d*):\\s+flags.*.*",
		"pageSizeCommand": "pagesize"
	},
	"commands": [{
			"eventType": "Disk",
			"command": "df -v -k",
			"mappings": [{
				"expression": "(\\S+)\\s+(\\d+)\\s+(\\d+)\\s+(\\d+)\\s+(\\d+)%\\s+(\\d+)\\s+(\\d+)\\s+(\\d+)%\\s+(.*)",
				"metrics": [{
						"name": "DISK_NAME"
					},
					{
						"name": "Total",
						"type": "NORMAL"
					},
					{
						"name": "Used",
						"type": "NORMAL"
					},
					{
						"name": "Free",
						"type": "NORMAL"
					},
					{
						"name": "Percent Used",
						"type": "NORMAL"
					},
					{
						"name": "Inodes Used",
						"type": "NORMAL"
					},
					{
						"name": "Inodes Free",
						"type": "NORMAL"
					},
					{
						"name": "Inodes Percent Used",
						"type": "NORMAL"
					},
					{
						"name": "Mount Point",
						"type": "ATTRIBUTE"
					}
				]
			}]
		},
		{
			"eventType": "DiskIO",
			"command": "iostat -d",
			"mappings": [{
				"expression": "\\s*(\\w+\\d*)\\s+([0-9\\.]+)\\s+([0-9\\.]+)\\s+([0-9\\.]+)\\s+([0-9\\.]+)\\s+([0-9\\.]+)",
				"metrics": [{
						"name": "METRIC_INSTANCE"
					},
					{
						"name": "Average Percentage of Time Busy",
						"type": "NORMAL"
					},
					{
						"name": "Average Data Transferred per Second",
						"type": "NORMAL"
					},
					{
						"name": "Average Transfers per Second",
						"type": "NORMAL"
					},
					{
						"name": "Data Read per Interval",
						"type": "DELTA"
					},
					{
						"name": "Data Written per Interval",
						"type": "DELTA"
					}
				]
			}]
		},
		{
			"eventType": "NetworkIO",
			"command": "entstat MEMBER_PLACEHOLDER",
			"mappings": [{
					"expression": ".*Broadcast\\s+Packets:\\s+([0-9\\.]+)\\s+Broadcast\\s+Packets:\\s+([0-9\\.]+)",
					"metrics": [{
							"name": "Transmit.Broadcast Packets",
							"type": "DELTA"
						},
						{
							"name": "Receive.Broadcast Packets",
							"type": "DELTA"
						}
					]
				},
				{
					"expression": ".*Bytes:\\s+([0-9\\.]+)\\s+Bytes:\\s+([0-9\\.]+)",
					"metrics": [{
							"name": "Transmit.Bytes",
							"type": "DELTA"
						},
						{
							"name": "Receive.Bytes",
							"type": "DELTA"
						}
					]
				},
				{
					"expression": ".*Current HW Transmit Queue\\s+Length:\\s+([0-9\\.]+)",
					"metrics": [{
						"name": "Transmit.Current HW Transmit Queue Length",
						"type": "DELTA"
					}]
				},
				{
					"expression": ".*Current\\s+S/W\\+H/W\\s+Transmit\\s+Queue\\s+Length:\\s+([0-9\\.]+)",
					"metrics": [{
						"name": "Transmit.Current SW+HW Transmit Queue Length",
						"type": "DELTA"
					}]
				},
				{
					"expression": ".*DMA\\s+Underrun:\\s+([0-9\\.]+)\\s+DMA\\s+Overrun:\\s+([0-9\\.]+)",
					"metrics": [{
							"name": "Transmit.DMA Underrun",
							"type": "DELTA"
						},
						{
							"name": "Receive.DMA Overrun",
							"type": "DELTA"
						}
					]
				},
				{
					"expression": ".*Deferred:\\s+([0-9\\.]+)\\s+Packet Too Short\\s+Errors:\\s+([0-9\\.]+)",
					"metrics": [{
							"name": "Transmit.Deferred",
							"type": "DELTA"
						},
						{
							"name": "Receive.Packet Too Short Errors",
							"type": "DELTA"
						}
					]
				},
				{
					"expression": ".*Interrupts:\\s+([0-9\\.]+)\\s+Interrupts:\\s+([0-9\\.]+)",
					"metrics": [{
							"name": "Transmit.Interrupts",
							"type": "DELTA"
						},
						{
							"name": "Receive.Interrupts",
							"type": "DELTA"
						}
					]
				},
				{
					"expression": ".*Late Collision\\s+Errors:\\s+([0-9\\.]+)\\s+Receive Collision\\s+Errors:\\s+([0-9\\.]+)",
					"metrics": [{
							"name": "Transmit.Late Collision Errors",
							"type": "DELTA"
						},
						{
							"name": "Receive.Receive Collision Errors",
							"type": "DELTA"
						}
					]
				},
				{
					"expression": ".*Lost CTS\\s+Errors:\\s+([0-9\\.]+)\\s+Alignment\\s+Errors:\\s+([0-9\\.]+)",
					"metrics": [{
							"name": "Transmit.Lost CTS Errors",
							"type": "DELTA"
						},
						{
							"name": "Receive.Alignment Errors",
							"type": "DELTA"
						}
					]
				},
				{
					"expression": ".*Max Collision\\s+Errors:\\s+([0-9\\.]+)\\s+No Resource\\s+Errors:\\s+([0-9\\.]+)",
					"metrics": [{
							"name": "Transmit.Max Collision Errors",
							"type": "DELTA"
						},
						{
							"name": "Receive.No Resource Errors",
							"type": "DELTA"
						}
					]
				},
				{
					"expression": ".*Max\\s+Packets\\s+on\\s+S/W\\s+Transmit\\s+Queue:\\s+([0-9\\.]+)",
					"metrics": [{
						"name": "Transmit.Max Packets on SW Transmit Queue",
						"type": "DELTA"
					}]
				},
				{
					"expression": ".*Multicast\\s+Packets:\\s+([0-9\\.]+)\\s+Multicast\\s+Packets:\\s+([0-9\\.]+)",
					"metrics": [{
							"name": "Transmit.Multicast Packets",
							"type": "DELTA"
						},
						{
							"name": "Receive.Multicast Packets",
							"type": "DELTA"
						}
					]
				},
				{
					"expression": ".*Multiple Collision\\s+Count:\\s+([0-9\\.]+)",
					"metrics": [{
						"name": "Transmit.Multiple Collision Count",
						"type": "DELTA"
					}]
				},
				{
					"expression": ".*No Carrier\\s+Sense:\\s+([0-9\\.]+)\\s+CRC\\s+Errors:\\s+([0-9\\.]+)",
					"metrics": [{
							"name": "Transmit.No Carrier Sense",
							"type": "DELTA"
						},
						{
							"name": "Receive.CRC Errors",
							"type": "DELTA"
						}
					]
				},
				{
					"expression": ".*Packets:\\s+([0-9\\.]+)\\s+Packets:\\s+([0-9\\.]+)",
					"metrics": [{
							"name": "Transmit.Packets",
							"type": "DELTA"
						},
						{
							"name": "Receive.Packets",
							"type": "DELTA"
						}
					]
				},
				{
					"expression": ".*Packets\\s+Dropped:\\s+([0-9\\.]+)\\s+Packets\\s+Dropped:\\s+([0-9\\.]+)",
					"metrics": [{
							"name": "Transmit.Dropped Packets",
							"type": "DELTA"
						},
						{
							"name": "Receive.Dropped Packets",
							"type": "DELTA"
						}
					]
				},
				{
					"expression": ".*S/W\\s+Transmit\\s+Queue\\s+Overflow:\\s+([0-9\\.]+)",
					"metrics": [{
						"name": "Transmit.Transmit Queue Overflow",
						"type": "DELTA"
					}]
				},
				{
					"expression": ".*SQE\\s+Test:\\s+([0-9\\.]+)\\s+Packet Too Long\\s+Errors:\\s+([0-9\\.]+)",
					"metrics": [{
							"name": "Transmit.SQE Test",
							"type": "DELTA"
						},
						{
							"name": "Receive.Packet Too Long Errors",
							"type": "DELTA"
						}
					]
				},
				{
					"expression": ".*Single Collision\\s+Count:\\s+([0-9\\.]+)\\s+Receiver Start\\s+Count:\\s+([0-9\\.]+)",
					"metrics": [{
							"name": "Transmit.Single Collision Count",
							"type": "DELTA"
						},
						{
							"name": "Receive.Receiver Start Count",
							"type": "DELTA"
						}
					]
				},
				{
					"expression": ".*Timeout\\s+Errors:\\s+([0-9\\.]+)\\s+Packets Discarded by\\s+Adapter:\\s+([0-9\\.]+)",
					"metrics": [{
							"name": "Transmit.Timeout Errors",
							"type": "DELTA"
						},
						{
							"name": "Receive.Packets Discarded by Adapter",
							"type": "DELTA"
						}
					]
				},
				{
					"expression": ".*Transmit\\s+Errors:\\s+([0-9\\.]+)\\s+Receive\\s+Errors:\\s+([0-9\\.]+)",
					"metrics": [{
							"name": "Transmit.Errors",
							"type": "DELTA"
						},
						{
							"name": "Receive.Errors",
							"type": "DELTA"
						}
					]
				}
			]
		},
		{
			"eventType": "Process",
			"command": "ps vewwwg",
			"mappings": [{
				"expression": "(\\d+)\\s+\\S+\\s+([A-Z]{1})\\s+[\\d:]+\\s+\\d+\\s+(\\d+)\\s+(\\d+)\\s+\\S+\\s+\\d+\\s+\\d+\\s+([\\d\\.]+)\\s+([\\d\\.]+)\\s+(.*)",
				"metrics": [{
						"name": "PID",
						"type": "ATTRIBUTE"
					},
					{
						"name": "State",
						"type": "ATTRIBUTE"
					},
					{
						"name": "Virtual Size",
						"type": "NORMAL"
					},
					{
						"name": "Resident Set Size",
						"type": "NORMAL"
					},
					{
						"name": "CPU",
						"type": "NORMAL"
					},
					{
						"name": "Memory",
						"type": "NORMAL"
					},
					{
						"name": "PROCESS_NAME"
					}
				]
			}]
		},
		{
			"eventType": "Stats",
			"command": "lparstat 1 1",
			"mappings": [{
				"expression": "\\s*([0-9\\.]+)\\s+([0-9\\.]+)\\s+([0-9\\.]+)\\s+([0-9\\.]+).*",
				"metrics": [{
						"name": "CPU.User",
						"type": "NORMAL"
					},
					{
						"name": "CPU.System",
						"type": "NORMAL"
					},
					{
						"name": "CPU.IOWait",
						"type": "NORMAL"
					},
					{
						"name": "CPU.Idle",
						"type": "NORMAL"
					}
				]
			}]
		},
		{
			"eventType": "Stats",
			"command": "svmon -Ounit=KB",
			"mappings": [{
					"expression": "\\s*memory\\s+(\\d+)\\s+(\\d+)\\s+(\\d+)\\s+(\\d+)\\s+(\\d+)\\s+(\\d+).*",
					"metrics": [{
							"name": "Memory.Total",
							"type": "NORMAL"
						},
						{
							"name": "Memory.Used",
							"type": "NORMAL"
						},
						{
							"name": "Memory.Free",
							"type": "NORMAL"
						},
						{
							"name": "Memory.Pinned",
							"type": "NORMAL"
						},
						{
							"name": "Memory.Virtual",
							"type": "NORMAL"
						},
						{
							"name": "Memory.Available",
							"type": "NORMAL"
						}
					]
				},
				{
					"expression": "\\s*pg space\\s+(\\d+)\\s+(\\d+)",
					"metrics": [{
							"name": "Swap.Total",
							"type": "NORMAL"
						},
						{
							"name": "Swap.Used",
							"type": "NORMAL"
						}
					]
				},
				{
					"expression": "\\s*pin\\s+(\\d+)\\s+(\\d+)\\s+(\\d+)\\s+(\\d+)",
					"metrics": [{
							"name": "Memory.Pinned.Working",
							"type": "NORMAL"
						},
						{
							"name": "Memory.Pinned.Persistent",
							"type": "NORMAL"
						},
						{
							"name": "Memory.Pinned.Client",
							"type": "NORMAL"
						},
						{
							"name": "Memory.Pinned.Other",
							"type": "NORMAL"
						}
					]
				},
				{
					"expression": "\\s*in use\\s+(\\d+)\\s+(\\d+)\\s+(\\d+)",
					"metrics": [{
							"name": "Memory.Real.Working",
							"type": "NORMAL"
						},
						{
							"name": "Memory.Real.Persistent",
							"type": "NORMAL"
						},
						{
							"name": "Memory.Real.Client",
							"type": "NORMAL"
						}
					]
				}
			]
		},
		{
			"eventType": "Stats",
			"command": "uptime",
			"mappings": [{
				"expression": ".*load average:\\s+([0-9\\.]+),\\s+([0-9\\.]+),\\s+([0-9\\.]+)",
				"metrics": [{
						"name": "LoadAverage.1 Minute",
						"type": "NORMAL"
					},
					{
						"name": "LoadAverage.5 Minute",
						"type": "NORMAL"
					},
					{
						"name": "LoadAverage.15 Minute",
						"type": "NORMAL"
					}
				]
			}]
		},
		{
			"eventType": "Stats",
			"command": "vmstat -I -W 1 1",
			"mappings": [{
				"expression": "\\s*(\\d+)\\s+(\\d+)\\s+(\\d+)\\s+(\\d+).*",
				"metrics": [{
						"name": "KernelThreads.Runnable",
						"type": "NORMAL"
					},
					{
						"name": "KernelThreads.In Wait Queue",
						"type": "NORMAL"
					},
					{
						"name": "KernelThreads.Waiting for Device IO",
						"type": "NORMAL"
					},
					{
						"name": "KernelThreads.Waiting for File IO",
						"type": "NORMAL"
					}
				]
			}]
		},
		{
			"eventType": "Vmstat",
			"command": "vmstat -s",
			"mappings": [{
				"expression": "\\s*(\\d+)\\s+(.*)",
				"metrics": [{
						"name": "METRIC_VALUE",
						"type": "DELTA"
					},
					{
						"name": "METRIC_NAME"
					}
				],
				"translations": [{
						"input": "paging space page ins",
						"output": "pages paged in",
						"type": "DELTA"
					},
					{
						"input": "paging space page outs",
						"output": "pages paged out",
						"type": "DELTA"
					},
					{
						"input": "total address trans. faults",
						"output": "translation faults",
						"type": "DELTA"
					}
				]
			}]
		}
	]
}
