<?xml version="1.0" encoding="UTF-8"?>
<configuration scan="true">
	<appender name="STDOUT" class="ch.qos.logback.core.ConsoleAppender">
		<layout class="ch.qos.logback.classic.PatternLayout">
			<Pattern>
				%d{yyyy-MM-dd HH:mm:ss} [%thread] %-5level %logger{36} - %msg%n
			</Pattern>
		</layout>
	</appender>
    <appender name="FILE"
			class="ch.qos.logback.core.rolling.RollingFileAppender">
        <file>logs/plugin.log</file>
        <encoder class="ch.qos.logback.classic.encoder.PatternLayoutEncoder">
            <Pattern>
					%d{yyyy-MM-dd HH:mm:ss} [%thread] %level %logger{35} - %msg%n
				</Pattern>
        </encoder>
        <rollingPolicy
				class="ch.qos.logback.core.rolling.FixedWindowRollingPolicy">
            <FileNamePattern>logs/archived/plugin.%i.log
				</FileNamePattern>
            <MinIndex>1</MinIndex>
            <MaxIndex>4</MaxIndex>
        </rollingPolicy>
        <triggeringPolicy
				class="ch.qos.logback.core.rolling.SizeBasedTriggeringPolicy">
            <MaxFileSize>10MB</MaxFileSize>
        </triggeringPolicy>
    </appender>
	<logger name="com.newrelic.infra" level="INFO" additivity="false">
        <appender-ref ref="FILE" />
    </logger>
    <logger name="com.newrelic.infra.publish.insights.InsightsRunner$PollAgentsRunnable" level="ERROR" additivity="false">
        <appender-ref ref="FILE" />
    </logger>
    <root level="ERROR">
    </root>
</configuration>